E_M_V,sigma_bar_Cm2,C_dl_Fm2
-5.000000000000000000e-01,-1.276906882365932694e-01,3.060170712849816232e-01
-4.749999999999999778e-01,-1.200402614544687219e-01,2.972283287456631840e-01
-4.500000000000000111e-01,-1.128292717993100991e-01,2.803329479958889259e-01
-4.249999999999999889e-01,-1.060236140546742950e-01,2.653594767400755394e-01
-4.000000000000000222e-01,-9.956129796230629714e-02,2.531256190642927617e-01
-3.750000000000000000e-01,-9.336733310145967080e-02,2.438121393576113682e-01
-3.499999999999999778e-01,-8.737069099442570930e-02,2.370476203620630606e-01
-3.249999999999999556e-01,-8.151495208335651776e-02,2.322125054173980185e-01
-2.999999999999999889e-01,-7.576006572355580004e-02,2.287452647179923915e-01
-2.750000000000000222e-01,-7.007768884745690929e-02,2.263382969994176541e-01
-2.500000000000000000e-01,-6.444315087358493122e-02,2.250452540307095184e-01
-2.249999999999999778e-01,-5.882542614592141395e-02,2.253331674002867491e-01
-1.999999999999999556e-01,-5.317649250357058682e-02,2.280037288625625935e-01
-1.749999999999999889e-01,-4.742523970279327594e-02,2.338422811841146531e-01
-1.499999999999999667e-01,-4.148437844436485972e-02,2.430598404140463797e-01
-1.250000000000000000e-01,-3.527224768209095279e-02,2.549018409160864751e-01
-9.999999999999997780e-02,-2.873928639856054151e-02,2.677513587216853175e-01
-7.499999999999995559e-02,-2.188467974600667720e-02,2.796911611481545101e-01
-4.999999999999998890e-02,-1.475472834115281948e-02,2.891319010602353412e-01
-2.499999999999996669e-02,-7.428084692994912919e-03,2.950945668230564034e-01
0.000000000000000000e+00,0.000000000000000000e+00,2.971233877197972939e-01
2.500000000000002220e-02,7.428084692994947613e-03,2.950945668230564034e-01
5.000000000000004441e-02,1.475472834115283335e-02,2.891319010602365625e-01
7.500000000000006661e-02,2.188467974600678823e-02,2.796911611481540105e-01
1.000000000000000888e-01,2.873928639856054845e-02,2.677513587216829305e-01
1.250000000000000000e-01,3.527224768209092504e-02,2.549018409160842547e-01
1.500000000000000222e-01,4.148437844436473482e-02,2.430598404140469349e-01
1.750000000000000444e-01,4.742523970279328288e-02,2.338422811841169846e-01
2.000000000000000666e-01,5.317649250357060070e-02,2.280037288625635927e-01
2.250000000000000888e-01,5.882542614592146946e-02,2.253331674002869711e-01
2.500000000000000000e-01,6.444315087358494509e-02,2.250452540307095184e-01
2.750000000000000222e-01,7.007768884745690929e-02,2.263382969994174321e-01
3.000000000000000444e-01,7.576006572355582780e-02,2.287452647179926135e-01
3.250000000000000666e-01,8.151495208335654552e-02,2.322125054173986847e-01
3.500000000000000888e-01,8.737069099442576481e-02,2.370476203620626166e-01
3.750000000000000000e-01,9.336733310145967080e-02,2.438121393576113682e-01
4.000000000000000222e-01,9.956129796230629714e-02,2.531256190642934278e-01
4.250000000000000444e-01,1.060236140546743505e-01,2.653594767400762056e-01
4.500000000000000666e-01,1.128292717993101130e-01,2.803329479958880377e-01
4.750000000000000888e-01,1.200402614544687774e-01,2.972283287456631840e-01
5.000000000000000000e-01,1.276906882365932694e-01,3.060170712849807906e-01
