E_M_V,q_free_Cm2,C_dl_Fm2
-5.000000000000000000e-01,-8.635962186875982549e-02,2.479487029643321350e-01
-4.749999999999999778e-01,-8.016090429465151657e-02,2.496260486065842166e-01
-4.500000000000000111e-01,-7.387831943843059523e-02,2.525580262480904281e-01
-4.249999999999999889e-01,-6.753300298224700071e-02,2.545747881895314979e-01
-4.000000000000000222e-01,-6.114958002895401479e-02,2.554998061925266573e-01
-3.750000000000000000e-01,-5.475801267262069005e-02,2.550672431701572762e-01
-3.499999999999999778e-01,-4.839621787044614404e-02,2.528918036102754119e-01
-3.249999999999999556e-01,-4.211342249210690142e-02,2.484454820340452619e-01
-2.999999999999999889e-01,-3.597394376874387539e-02,2.410577802792450708e-01
-2.750000000000000222e-01,-3.006053347814466661e-02,2.299682791354444311e-01
-2.500000000000000000e-01,-2.447552981197166286e-02,2.144708089294493081e-01
-2.249999999999999778e-01,-1.933699303167219288e-02,1.941794887317503937e-01
-1.999999999999999556e-01,-1.476655537538413589e-02,1.693886730781397065e-01
-1.749999999999999889e-01,-1.086755937776520513e-02,1.413766761546351169e-01
-1.499999999999999667e-01,-7.697721567652384550e-03,1.123899694203114030e-01
-1.250000000000000000e-01,-5.248060906749633416e-03,8.512764236054727596e-02
-9.999999999999997780e-02,-3.441339449625023268e-03,6.191065647774213199e-02
-7.499999999999995559e-02,-2.152528082862524474e-03,4.405112579482776958e-02
-4.999999999999998890e-02,-1.238783159883633921e-03,3.180002585335312687e-02
-2.499999999999996669e-02,-5.625267901948689982e-04,2.477566319767370018e-02
0.000000000000000000e+00,5.140360612570597735e-17,2.250107160787893218e-02
2.500000000000002220e-02,5.625267901990773289e-04,2.477566319766946398e-02
5.000000000000004441e-02,1.238783159883525718e-03,3.180002585327013076e-02
7.500000000000006661e-02,2.152528082862585190e-03,4.405112579489256497e-02
1.000000000000000888e-01,3.441339449628155744e-03,6.191065647772589497e-02
1.250000000000000000e-01,5.248060906748874474e-03,8.512764236048446509e-02
1.500000000000000222e-01,7.697721567652375876e-03,1.123899694203342597e-01
1.750000000000000444e-01,1.086755937776559197e-02,1.413766761546265127e-01
2.000000000000000666e-01,1.476655537538370741e-02,1.693886730781416217e-01
2.250000000000000888e-01,1.933699303167268208e-02,1.941794887317637719e-01
2.500000000000000000e-01,2.447552981197188490e-02,2.144708089294386499e-01
2.750000000000000222e-01,3.006053347814460069e-02,2.299682791354396016e-01
3.000000000000000444e-01,3.597394376874387539e-02,2.410577802792458479e-01
3.250000000000000666e-01,4.211342249210690142e-02,2.484454820340450398e-01
3.500000000000000888e-01,4.839621787044613710e-02,2.528918036102758560e-01
3.750000000000000000e-01,5.475801267262067618e-02,2.550672431701572762e-01
4.000000000000000222e-01,6.114958002895397315e-02,2.554998061925268793e-01
4.250000000000000444e-01,6.753300298224702847e-02,2.545747881895323861e-01
4.500000000000000666e-01,7.387831943843060911e-02,2.525580262480904281e-01
4.750000000000000888e-01,8.016090429465155820e-02,2.496260486065842166e-01
5.000000000000000000e-01,8.635962186875981161e-02,2.479487029643310247e-01
